{"v":"5.4.1","fr":48,"ip":0,"op":240,"w":240,"h":240,"nm":"Bubbles","ddd":0,"assets":[{"id":"comp_0","layers":[{"ddd":0,"ind":1,"ty":4,"nm":"Small","sr":1,"ks":{"o":{"a":0,"k":38,"ix":11},"r":{"a":0,"k":0,"ix":10},"p":{"a":1,"k":[{"i":{"x":0.833,"y":0.833},"o":{"x":0.167,"y":0.167},"n":"0p833_0p833_0p167_0p167","t":0,"s":[19.059,247.059,0],"e":[19.059,-6.441,0],"to":[0,-42.25,0],"ti":[0,42.25,0]},{"t":60}],"ix":2,"x":"var $bm_rt;\n$bm_rt = loopOut('cycle', 0);"},"a":{"a":0,"k":[-2.441,57.059,0],"ix":1},"s":{"a":0,"k":[30,30,100],"ix":6}},"ao":0,"shapes":[{"ty":"gr","it":[{"d":1,"ty":"el","s":{"a":0,"k":[33.117,33.117],"ix":2},"p":{"a":0,"k":[0,0],"ix":3},"nm":"Ellipse Path 1","mn":"ADBE Vector Shape - Ellipse","hd":false},{"ty":"st","c":{"a":0,"k":[1,1,1,1],"ix":3},"o":{"a":0,"k":100,"ix":4},"w":{"a":0,"k":4,"ix":5},"lc":1,"lj":1,"ml":4,"ml2":{"a":0,"k":4,"ix":8},"nm":"Stroke 1","mn":"ADBE Vector Graphic - Stroke","hd":true},{"ty":"fl","c":{"a":0,"k":[1,1,1,1],"ix":4},"o":{"a":0,"k":100,"ix":5},"r":1,"nm":"Fill 1","mn":"ADBE Vector Graphic - Fill","hd":false},{"ty":"tr","p":{"a":0,"k":[-2.441,57.059],"ix":2},"a":{"a":0,"k":[0,0],"ix":1},"s":{"a":0,"k":[100,100],"ix":3},"r":{"a":0,"k":0,"ix":6},"o":{"a":0,"k":100,"ix":7},"sk":{"a":0,"k":0,"ix":4},"sa":{"a":0,"k":0,"ix":5},"nm":"Transform"}],"nm":"Ellipse 1","np":3,"cix":2,"ix":1,"mn":"ADBE Vector Group","hd":false}],"ip":0,"op":973,"st":0,"bm":0}]},{"id":"comp_1","layers":[{"ddd":0,"ind":1,"ty":4,"nm":"Medium","sr":1,"ks":{"o":{"a":0,"k":25,"ix":11},"r":{"a":0,"k":0,"ix":10},"p":{"a":1,"k":[{"i":{"x":0.833,"y":0.833},"o":{"x":0.167,"y":0.167},"n":"0p833_0p833_0p167_0p167","t":0,"s":[20,245.559,0],"e":[20,-9.441,0],"to":[0,-42.5,0],"ti":[0,42.5,0]},{"t":84}],"ix":2,"x":"var $bm_rt;\n$bm_rt = loopOut('cycle', 0);"},"a":{"a":0,"k":[-2.441,57.059,0],"ix":1},"s":{"a":0,"k":[40,40,100],"ix":6}},"ao":0,"shapes":[{"ty":"gr","it":[{"d":1,"ty":"el","s":{"a":0,"k":[33.117,33.117],"ix":2},"p":{"a":0,"k":[0,0],"ix":3},"nm":"Ellipse Path 1","mn":"ADBE Vector Shape - Ellipse","hd":false},{"ty":"st","c":{"a":0,"k":[1,1,1,1],"ix":3},"o":{"a":0,"k":100,"ix":4},"w":{"a":0,"k":4,"ix":5},"lc":1,"lj":1,"ml":4,"ml2":{"a":0,"k":4,"ix":8},"nm":"Stroke 1","mn":"ADBE Vector Graphic - Stroke","hd":true},{"ty":"fl","c":{"a":0,"k":[1,1,1,1],"ix":4},"o":{"a":0,"k":100,"ix":5},"r":1,"nm":"Fill 1","mn":"ADBE Vector Graphic - Fill","hd":false},{"ty":"tr","p":{"a":0,"k":[-2.441,57.059],"ix":2},"a":{"a":0,"k":[0,0],"ix":1},"s":{"a":0,"k":[100,100],"ix":3},"r":{"a":0,"k":0,"ix":6},"o":{"a":0,"k":100,"ix":7},"sk":{"a":0,"k":0,"ix":4},"sa":{"a":0,"k":0,"ix":5},"nm":"Transform"}],"nm":"Ellipse 1","np":3,"cix":2,"ix":1,"mn":"ADBE Vector Group","hd":false}],"ip":0,"op":971,"st":0,"bm":0}]},{"id":"comp_2","layers":[{"ddd":0,"ind":1,"ty":4,"nm":"Large","sr":1,"ks":{"o":{"a":0,"k":10,"ix":11},"r":{"a":0,"k":0,"ix":10},"p":{"a":1,"k":[{"i":{"x":0.833,"y":0.833},"o":{"x":0.167,"y":0.167},"n":"0p833_0p833_0p167_0p167","t":0,"s":[21.059,246.059,0],"e":[21.059,-13.941,0],"to":[0,-43.3333320617676,0],"ti":[0,43.3333320617676,0]},{"t":144}],"ix":2,"x":"var $bm_rt;\n$bm_rt = loopOut('cycle', 0);"},"a":{"a":0,"k":[-2.441,57.059,0],"ix":1},"s":{"a":0,"k":[50,50,100],"ix":6}},"ao":0,"shapes":[{"ty":"gr","it":[{"d":1,"ty":"el","s":{"a":0,"k":[33.117,33.117],"ix":2},"p":{"a":0,"k":[0,0],"ix":3},"nm":"Ellipse Path 1","mn":"ADBE Vector Shape - Ellipse","hd":false},{"ty":"st","c":{"a":0,"k":[1,1,1,1],"ix":3},"o":{"a":0,"k":100,"ix":4},"w":{"a":0,"k":4,"ix":5},"lc":1,"lj":1,"ml":4,"ml2":{"a":0,"k":4,"ix":8},"nm":"Stroke 1","mn":"ADBE Vector Graphic - Stroke","hd":true},{"ty":"fl","c":{"a":0,"k":[1,1,1,1],"ix":4},"o":{"a":0,"k":100,"ix":5},"r":1,"nm":"Fill 1","mn":"ADBE Vector Graphic - Fill","hd":false},{"ty":"tr","p":{"a":0,"k":[-2.441,57.059],"ix":2},"a":{"a":0,"k":[0,0],"ix":1},"s":{"a":0,"k":[100,100],"ix":3},"r":{"a":0,"k":0,"ix":6},"o":{"a":0,"k":100,"ix":7},"sk":{"a":0,"k":0,"ix":4},"sa":{"a":0,"k":0,"ix":5},"nm":"Transform"}],"nm":"Ellipse 1","np":3,"cix":2,"ix":1,"mn":"ADBE Vector Group","hd":false}],"ip":0,"op":982,"st":0,"bm":0}]}],"layers":[{"ddd":0,"ind":1,"ty":0,"nm":"Small","refId":"comp_0","sr":1,"ks":{"o":{"a":0,"k":100,"ix":11},"r":{"a":0,"k":0,"ix":10},"p":{"a":0,"k":[203.1,120,0],"ix":2},"a":{"a":0,"k":[20,120,0],"ix":1},"s":{"a":0,"k":[100,100,100],"ix":6}},"ao":0,"w":40,"h":240,"ip":-584,"op":376,"st":-584,"bm":0},{"ddd":0,"ind":2,"ty":0,"nm":"Small","refId":"comp_0","sr":1,"ks":{"o":{"a":0,"k":100,"ix":11},"r":{"a":0,"k":0,"ix":10},"p":{"a":0,"k":[168.3,120,0],"ix":2},"a":{"a":0,"k":[20,120,0],"ix":1},"s":{"a":0,"k":[100,100,100],"ix":6}},"ao":0,"w":40,"h":240,"ip":-679,"op":281,"st":-679,"bm":0},{"ddd":0,"ind":3,"ty":0,"nm":"Small","refId":"comp_0","sr":1,"ks":{"o":{"a":0,"k":100,"ix":11},"r":{"a":0,"k":0,"ix":10},"p":{"a":0,"k":[197.4,120,0],"ix":2},"a":{"a":0,"k":[20,120,0],"ix":1},"s":{"a":0,"k":[100,100,100],"ix":6}},"ao":0,"w":40,"h":240,"ip":-338,"op":296,"st":-338,"bm":0},{"ddd":0,"ind":4,"ty":0,"nm":"Small","refId":"comp_0","sr":1,"ks":{"o":{"a":0,"k":100,"ix":11},"r":{"a":0,"k":0,"ix":10},"p":{"a":0,"k":[185.7,120,0],"ix":2},"a":{"a":0,"k":[20,120,0],"ix":1},"s":{"a":0,"k":[100,100,100],"ix":6}},"ao":0,"w":40,"h":240,"ip":-333,"op":627,"st":-333,"bm":0},{"ddd":0,"ind":5,"ty":0,"nm":"Small","refId":"comp_0","sr":1,"ks":{"o":{"a":0,"k":100,"ix":11},"r":{"a":0,"k":0,"ix":10},"p":{"a":0,"k":[150.9,120,0],"ix":2},"a":{"a":0,"k":[20,120,0],"ix":1},"s":{"a":0,"k":[100,100,100],"ix":6}},"ao":0,"w":40,"h":240,"ip":-185,"op":775,"st":-185,"bm":0},{"ddd":0,"ind":6,"ty":0,"nm":"Small","refId":"comp_0","sr":1,"ks":{"o":{"a":0,"k":100,"ix":11},"r":{"a":0,"k":0,"ix":10},"p":{"a":0,"k":[120.5,120,0],"ix":2},"a":{"a":0,"k":[20,120,0],"ix":1},"s":{"a":0,"k":[100,100,100],"ix":6}},"ao":0,"w":40,"h":240,"ip":-19,"op":565,"st":-19,"bm":0},{"ddd":0,"ind":7,"ty":0,"nm":"Small","refId":"comp_0","sr":1,"ks":{"o":{"a":0,"k":100,"ix":11},"r":{"a":0,"k":0,"ix":10},"p":{"a":0,"k":[50.9,120,0],"ix":2},"a":{"a":0,"k":[20,120,0],"ix":1},"s":{"a":0,"k":[100,100,100],"ix":6}},"ao":0,"w":40,"h":240,"ip":-128,"op":832,"st":-128,"bm":0},{"ddd":0,"ind":8,"ty":0,"nm":"Small","refId":"comp_0","sr":1,"ks":{"o":{"a":0,"k":100,"ix":11},"r":{"a":0,"k":0,"ix":10},"p":{"a":0,"k":[85.7,120,0],"ix":2},"a":{"a":0,"k":[20,120,0],"ix":1},"s":{"a":0,"k":[100,100,100],"ix":6}},"ao":0,"w":40,"h":240,"ip":-276,"op":684,"st":-276,"bm":0},{"ddd":0,"ind":9,"ty":0,"nm":"Small","refId":"comp_0","sr":1,"ks":{"o":{"a":0,"k":100,"ix":11},"r":{"a":0,"k":0,"ix":10},"p":{"a":0,"k":[97.4,120,0],"ix":2},"a":{"a":0,"k":[20,120,0],"ix":1},"s":{"a":0,"k":[100,100,100],"ix":6}},"ao":0,"w":40,"h":240,"ip":-332,"op":252,"st":-332,"bm":0},{"ddd":0,"ind":10,"ty":0,"nm":"Small","refId":"comp_0","sr":1,"ks":{"o":{"a":0,"k":100,"ix":11},"r":{"a":0,"k":0,"ix":10},"p":{"a":0,"k":[68.3,120,0],"ix":2},"a":{"a":0,"k":[20,120,0],"ix":1},"s":{"a":0,"k":[100,100,100],"ix":6}},"ao":0,"w":40,"h":240,"ip":-681,"op":279,"st":-681,"bm":0},{"ddd":0,"ind":11,"ty":0,"nm":"Small","refId":"comp_0","sr":1,"ks":{"o":{"a":0,"k":100,"ix":11},"r":{"a":0,"k":0,"ix":10},"p":{"a":0,"k":[103.1,120,0],"ix":2},"a":{"a":0,"k":[20,120,0],"ix":1},"s":{"a":0,"k":[100,100,100],"ix":6}},"ao":0,"w":40,"h":240,"ip":-681,"op":279,"st":-681,"bm":0},{"ddd":0,"ind":12,"ty":0,"nm":"Medium","refId":"comp_1","sr":1,"ks":{"o":{"a":0,"k":100,"ix":11},"r":{"a":0,"k":0,"ix":10},"p":{"a":0,"k":[207.5,120,0],"ix":2},"a":{"a":0,"k":[20,120,0],"ix":1},"s":{"a":0,"k":[100,100,100],"ix":6}},"ao":0,"w":40,"h":240,"ip":-351,"op":277,"st":-351,"bm":0},{"ddd":0,"ind":13,"ty":0,"nm":"Medium","refId":"comp_1","sr":1,"ks":{"o":{"a":0,"k":100,"ix":11},"r":{"a":0,"k":0,"ix":10},"p":{"a":0,"k":[33.5,120,0],"ix":2},"a":{"a":0,"k":[20,120,0],"ix":1},"s":{"a":0,"k":[100,100,100],"ix":6}},"ao":0,"w":40,"h":240,"ip":-209,"op":260,"st":-209,"bm":0},{"ddd":0,"ind":14,"ty":0,"nm":"Medium","refId":"comp_1","sr":1,"ks":{"o":{"a":0,"k":100,"ix":11},"r":{"a":0,"k":0,"ix":10},"p":{"a":0,"k":[207.5,120,0],"ix":2},"a":{"a":0,"k":[20,120,0],"ix":1},"s":{"a":0,"k":[100,100,100],"ix":6}},"ao":0,"w":40,"h":240,"ip":-296,"op":249,"st":-296,"bm":0},{"ddd":0,"ind":15,"ty":0,"nm":"Large","refId":"comp_2","sr":1,"ks":{"o":{"a":0,"k":100,"ix":11},"r":{"a":0,"k":0,"ix":10},"p":{"a":0,"k":[57.7,120,0],"ix":2},"a":{"a":0,"k":[20,120,0],"ix":1},"s":{"a":0,"k":[100,100,100],"ix":6}},"ao":0,"w":40,"h":240,"ip":-210,"op":273,"st":-210,"bm":0},{"ddd":0,"ind":16,"ty":0,"nm":"Large","refId":"comp_2","sr":1,"ks":{"o":{"a":0,"k":100,"ix":11},"r":{"a":0,"k":0,"ix":10},"p":{"a":0,"k":[75.1,120,0],"ix":2},"a":{"a":0,"k":[20,120,0],"ix":1},"s":{"a":0,"k":[100,100,100],"ix":6}},"ao":0,"w":40,"h":240,"ip":-7,"op":293,"st":-7,"bm":0},{"ddd":0,"ind":17,"ty":0,"nm":"Large","refId":"comp_2","sr":1,"ks":{"o":{"a":0,"k":100,"ix":11},"r":{"a":0,"k":0,"ix":10},"p":{"a":0,"k":[172.7,120,0],"ix":2},"a":{"a":0,"k":[20,120,0],"ix":1},"s":{"a":0,"k":[100,100,100],"ix":6}},"ao":0,"w":40,"h":240,"ip":-121,"op":305,"st":-121,"bm":0},{"ddd":0,"ind":18,"ty":0,"nm":"Large","refId":"comp_2","sr":1,"ks":{"o":{"a":0,"k":100,"ix":11},"r":{"a":0,"k":0,"ix":10},"p":{"a":0,"k":[190.1,120,0],"ix":2},"a":{"a":0,"k":[20,120,0],"ix":1},"s":{"a":0,"k":[100,100,100],"ix":6}},"ao":0,"w":40,"h":240,"ip":-46,"op":254,"st":-46,"bm":0},{"ddd":0,"ind":19,"ty":0,"nm":"Medium","refId":"comp_1","sr":1,"ks":{"o":{"a":0,"k":100,"ix":11},"r":{"a":0,"k":0,"ix":10},"p":{"a":0,"k":[33.5,120,0],"ix":2},"a":{"a":0,"k":[20,120,0],"ix":1},"s":{"a":0,"k":[100,100,100],"ix":6}},"ao":0,"w":40,"h":240,"ip":-94,"op":254,"st":-94,"bm":0},{"ddd":0,"ind":20,"ty":0,"nm":"Small","refId":"comp_0","sr":1,"ks":{"o":{"a":0,"k":100,"ix":11},"r":{"a":0,"k":0,"ix":10},"p":{"a":0,"k":[155.3,120,0],"ix":2},"a":{"a":0,"k":[20,120,0],"ix":1},"s":{"a":0,"k":[100,100,100],"ix":6}},"ao":0,"w":40,"h":240,"ip":-332,"op":252,"st":-332,"bm":0}],"markers":[]}